PatientID,SSN,Firstname,Lastname,DOB,Phone,Gender,workType,ResidenceType,Email,MaritalStatus,UserID,DoctorID
74092,307-15-8642,Liam,Lee,3/14/86,(123) 456-7890,Male,Sales,Apartment,liamlee@gmail.com,Married,1,DR5678
61924,972-44-6790,Emma,Davis,7/9/99,(234) 567-8901,Female,Healthcare,House,emmadavis@gmail.com,Single,2,DR9012
29758,019-62-8837,Noah,Wilson,11/21/92,(345) 678-9012,Male,Education,Condo,noahwilson@gmail.com,Divorced,3,DR2345
82741,425-11-3968,Olivia,Taylor,6/17/88,(456) 789-0123,Female,Engineering,Townhouse,oliviataylor@gmail.com,Married,4,DR3456
53821,684-24-7318,Elijah,Jackson,12/26/80,(567) 890-1234,Male,Information Tech,Duplex,elijahjackson@gmail.com,Single,5,DR4567
91385,690-97-4059,Ava,Martinez,9/23/74,(678) 901-2345,Female,Legal,House,avamartinez@gmail.com,Married,6,DR7890
45783,842-60-5963,William,Hernandez,2/18/97,(789) 012-3456,Female,Business,Apartment,williamhernandez@gmail.com,Divorced,7,DR2345
20648,271-62-2830,Sophia,Rodriguez,8/5/83,(890) 123-4567,Male,Marketing,Condo,sophiarodriguez@gmail.com,Single,8,DR5678
13907,127-42-8195,James,Johnson,5/12/76,(901) 234-5678,Male,Healthcare,Townhouse,jamesjohnson@gmail.com,Married,9,DR4567
81936,515-98-4521,Isabella,Anderson,10/27/95,(012) 345-6789,Female,Sales,House,isabellaanderson@gmail.com,Single,10,DR3456
64237,387-42-8561,Benjamin,Thomas,4/4/87,(123) 456-7890,Female,Engineering,Duplex,benjaminthomas@gmail.com,Married,11,DR9012
46829,276-56-0912,Mia,Martin,1/7/91,(234) 567-8901,Male,Information Tech,Apartment,miamartin@gmail.com,Single,12,DR6789
38761,154-30-9784,Lucas,Clark,9/15/85,(345) 678-9012,Female,Education,House,lucasclark@gmail.com,Married,13,DR3456
17465,845-62-0931,Charlotte,Lee,12/20/79,(456) 789-0123,Male,Business,Condo,charlottelee@gmail.com,Single,14,DR7890
85123,672-21-3845,Henry,Walker,5/1/98,(567) 890-1234,Female,Legal,Townhouse,henrywalker@gmail.com,Divorced,15,DR6789
74358,307-15-8642,Amelia,Hall,7/2/82,(678) 901-2345,Male,Marketing,Apartment,ameliahall@gmail.com,Married,16,DR5678
92640,972-44-6790,Alexander,Wright,11/8/77,(789) 012-3456,Male,Healthcare,Condo,alexanderwright@gmail.com,Singl,17,DR4567
27584,019-62-8837,Harper,Turner,8/28/93,(123) 456-7890,Male,Sales,Apartment,harperturner@gmail.com,Married,18,DR2345
74892,425-11-3968,Michael,Parker,1/23/84,(234) 567-8901,Female,Healthcare,House,michaelparker@gmail.com,Single,19,DR9012
58174,684-24-7318,Abigail,Adams,4/30/75,(345) 678-9012,Male,Education,Condo,abigailadams@gmail.com,Divorced,20,DR6789
93047,690-97-4059,Daniel,Campbell,3/9/94,(456) 789-0123,Female,Engineering,Townhouse,danielcampbell@gmail.com,Married,21,DR3456
42058,842-60-5963,Emily,Collins,2/11/89,(567) 890-1234,Male,Info Tech,Duplex,emilycollins@gmail.com,Single,22,DR7890
21693,271-62-2830,Matthew,Nelson,6/26/81,(678) 901-2345,Female,Legal,House,matthewnelson@gmail.com,Married,23,DR2345
83095,127-42-8195,Elizabeth,Carter,9/13/90,(789) 012-3456,Female,Business,Apartment,elizabethcarter@gmail.com,Divorced,24,DR5678
51698,515-98-4521,David,Perez,4/19/78,(890) 123-4567,Male,Marketing,Condo,davidperez@gmail.com,Single,25,DR4567